price,review_count,item_id,avg_rating,product_name,brand,availability,image_url,short_description
699.0,1696,609040889,4.6928,"Apple MacBook Air 13.3 inch Laptop - Space Gray, M1 Chip, 8GB RAM, 256GB storage",Apple,IN_STOCK,https://i5.walmartimages.com/seo/Apple-MacBook-Air-13-3-inch-Laptop-Space-Gray-M1-Chip-8GB-RAM-256GB-storage_af1d4133-6de9-4bdc-b1c6-1ca8bd0af7a0.c0eb74c31b2cb05df4ed11124d0e255b.jpeg,"Introducing The 13-inch MacBook Air with the Apple M1 chip is incredibly thin and light with a silent fanless design. It delivers remarkable performance and up to 18 hours of battery life. And it has a beautiful Retina display for super sharp text and vibrant colors. Amazing performance, Unbeatable price. It's a laptop you’re going to love!"
699.0,1696,609040889,4.6928,"Apple MacBook Air 13.3 inch Laptop - Space Gray, M1 Chip, 8GB RAM, 256GB storage",Apple,IN_STOCK,https://i5.walmartimages.com/seo/Apple-MacBook-Air-13-3-inch-Laptop-Space-Gray-M1-Chip-8GB-RAM-256GB-storage_af1d4133-6de9-4bdc-b1c6-1ca8bd0af7a0.c0eb74c31b2cb05df4ed11124d0e255b.jpeg,"Introducing The 13-inch MacBook Air with the Apple M1 chip is incredibly thin and light with a silent fanless design. It delivers remarkable performance and up to 18 hours of battery life. And it has a beautiful Retina display for super sharp text and vibrant colors. Amazing performance, Unbeatable price. It's a laptop you’re going to love!"
699.0,1696,550880792,4.6928,"Apple MacBook Air 13.3 inch Laptop – Gold, M1 Chip, 8GB RAM, 256GB storage",Apple,IN_STOCK,https://i5.walmartimages.com/seo/Apple-MacBook-Air-13-3-inch-Laptop-Gold-M1-Chip-8GB-RAM-256GB-storage_a9857413-b9fa-4c8d-9f81-7ea4c93889a1.410fd3cb7fe36102bbe2d3dca32a8075.jpeg,"Introducing The 13-inch MacBook Air with the Apple M1 chip is incredibly thin and light with a silent fanless design. It delivers remarkable performance and up to 18 hours of battery life. And it has a beautiful Retina display for super sharp text and vibrant colors. Amazing performance, Unbeatable price. It's a laptop you’re going to love!"
699.0,1696,715596133,4.6928,"Apple MacBook Air 13.3 inch Laptop – Silver, M1 Chip, 8GB RAM, 256GB storage",Apple,IN_STOCK,https://i5.walmartimages.com/seo/Apple-MacBook-Air-13-3-inch-Laptop-Silver-M1-Chip-8GB-RAM-256GB-storage_056c08d5-2d68-44f2-beb0-dd8a47e2f8e8.2a2a210657937c3c11b37df5be8fa4ad.jpeg,"Introducing The 13-inch MacBook Air with the Apple M1 chip is incredibly thin and light with a silent fanless design. It delivers remarkable performance and up to 18 hours of battery life. And it has a beautiful Retina display for super sharp text and vibrant colors. Amazing performance, Unbeatable price. It's a laptop you’re going to love!"
699.0,1696,609040889,4.6928,"Apple MacBook Air 13.3 inch Laptop - Space Gray, M1 Chip, 8GB RAM, 256GB storage",Apple,IN_STOCK,https://i5.walmartimages.com/seo/Apple-MacBook-Air-13-3-inch-Laptop-Space-Gray-M1-Chip-8GB-RAM-256GB-storage_af1d4133-6de9-4bdc-b1c6-1ca8bd0af7a0.c0eb74c31b2cb05df4ed11124d0e255b.jpeg,"Introducing The 13-inch MacBook Air with the Apple M1 chip is incredibly thin and light with a silent fanless design. It delivers remarkable performance and up to 18 hours of battery life. And it has a beautiful Retina display for super sharp text and vibrant colors. Amazing performance, Unbeatable price. It's a laptop you’re going to love!"
1299.99,0,5962466146,,ASUS Vivobook S 15 Copilot+ PC 15.6 inch 3K OLED 120Hz Laptop Qualcomm Snapdragon X Elite 16GB RAM 1TB SSD Cool Silver,ASUS,IN_STOCK,https://i5.walmartimages.com/seo/ASUS-Vivobook-S-15-PC-Laptop-Copilot-PC-15-6-3K-120Hz-OLED-Display-Qualcomm-Snapdragon-X-Elite-X1E-78-100-12-Core-Processor-16GB-RAM-1TB-SSD-Windows_3170457f-a597-457e-8e5d-719157678c66.a6315c253158d16a6749005fa787aa6b.jpeg,"Meet your first ASUS Copilot+ PC — the ASUS Vivobook S 15, a sleek AI-powered laptop designed for smart users. With the efficient power of its Qualcomm® Snapdragon® X Elite 12-Core Processor, enjoy long battery hours and seamless productivity. The 3K 120 Hz OLED display and immersive audio system are encased in a premium all-metal thin and light body for effortless mobility. Featuring a mood-setting single-zone RGB backlit keyboard, with a dedicated Copilot key for instant AI assistance, ASUS Vivobook S 15 revolutionizes your work and play."
849.0,0,5129928280,,HP Envy X360 15.6 inch Touch 2-in-1 Laptop Intel Core Ultra 7-155U 16GB RAM 512GB SSD Mineral Silver Aluminum,HP,IN_STOCK,https://i5.walmartimages.com/seo/HP-Envy-X360-15-6-inch-Touch-2-in-1-Laptop-Intel-Core-Ultra-7-155U-16GB-RAM-512GB-SSD-Mineral-Silver-Aluminum_60b3aefb-36b4-482c-a7be-8e31fa97c3ab.e471ef99d465ad8c91a93281cf5fb5b2.jpeg,"You dive into your work and take downtime just as seriously. You know it’s not just about doing what you love…it’s about elevating it in every possible way. This HP ENVY x360 15.6 inch 2-in-1 laptop levels up your go time, camera time, with flicker-free screen time and Wake on Touch. With a sustainable design, serious power, and all the apps you could imagine, your flow is unstoppable. Whether you’re perfecting your idea or pitching it loud and clear, this laptop helps make all you do more powerful. The 5MP camera lets you present your best self and with multi-camera support you can have a more immersive experience with multiple camera views. And with an Intel processor you’re ready to show them what you've got. The amazing screen paired with HP Audio Boost 2.0, delivers a truly immersive experience to turn your laptop into your personal theater. Plus Poly Studio, which includes AI-generated technology that projects pitch perfect audio. Also with a long battery life, it’s full stream ahead. Whether you’re catching up on emails during your commute or focused on a project at the local coffee shop, keep your business yours. This laptop layers built-in security with the latest easy-to-use privacy features, like a Privacy Shutter Door and technology that locks your laptop when you step away. That’s personalized privacy beyond passcodes."
379.0,1,5098188131,5.0,"HP 15.6"" FHD Laptop, Intel Core i3-N305, 8GB RAM, 256GB SSD, Natural Silver, 15-fd0131wm",HP,IN_STOCK,https://i5.walmartimages.com/seo/HP-15-6-inch-Laptop-Intel-Core-i3-N305-8GB-RAM-256GB-SSD-Natural-Silver_eb5ba6b9-0c01-4bdf-b8eb-8e0c3f9d83f0.d0970d297e1c7b187a12859152e60757.jpeg,"The HP 15 Laptop packs in the reliable processing power of an Intel processor, plus ample storage, powerful graphics and design with recycled materials, to give you the power and capacity to do more. Chat with ease knowing you have Full HD resolution with a camera you can close when not in use, keeping you safe online. Get every point across with dual array digital microphones and advanced noise reduction software. The long-lasting battery life and HP Fast Charge help you stay in the zone longer. Effortlessly take on your day and see the content that matters most with a 85% screen-to-body ratio and crisp quality display. Stay in your flow with plenty of ports to connect your devices. This PC is built to keep you in your flow, wherever that might be."
379.0,1,5098188131,5.0,"HP 15.6"" FHD Laptop, Intel Core i3-N305, 8GB RAM, 256GB SSD, Natural Silver, 15-fd0131wm",HP,IN_STOCK,https://i5.walmartimages.com/seo/HP-15-6-inch-Laptop-Intel-Core-i3-N305-8GB-RAM-256GB-SSD-Natural-Silver_eb5ba6b9-0c01-4bdf-b8eb-8e0c3f9d83f0.d0970d297e1c7b187a12859152e60757.jpeg,"The HP 15 Laptop packs in the reliable processing power of an Intel processor, plus ample storage, powerful graphics and design with recycled materials, to give you the power and capacity to do more. Chat with ease knowing you have Full HD resolution with a camera you can close when not in use, keeping you safe online. Get every point across with dual array digital microphones and advanced noise reduction software. The long-lasting battery life and HP Fast Charge help you stay in the zone longer. Effortlessly take on your day and see the content that matters most with a 85% screen-to-body ratio and crisp quality display. Stay in your flow with plenty of ports to connect your devices. This PC is built to keep you in your flow, wherever that might be."
379.0,1,5098188133,5.0,HP 15.6 inch Laptop Intel Core i3-N305 8GB RAM 256GB SSD Lilac Lavender,HP,IN_STOCK,https://i5.walmartimages.com/seo/HP-15-6-inch-Laptop-Intel-Core-i3-N305-8GB-RAM-256GB-SSD-Lilac-Lavender_2d9d1f7c-7c2d-4fcb-973f-e030880db15c.8d50924ee58c176fd1332ea7f67a8c23.jpeg,"The HP 15 Laptop packs in the reliable processing power of an Intel processor, plus ample storage, powerful graphics and design with recycled materials, to give you the power and capacity to do more. Chat with ease knowing you have Full HD resolution with a camera you can close when not in use, keeping you safe online. Get every point across with dual array digital microphones and advanced noise reduction software. The long-lasting battery life and HP Fast Charge help you stay in the zone longer. Effortlessly take on your day and see the content that matters most with a 85% screen-to-body ratio and crisp quality display. Stay in your flow with plenty of ports to connect your devices. This PC is built to keep you in your flow, wherever that might be."
379.0,1,5098188131,5.0,"HP 15.6"" FHD Laptop, Intel Core i3-N305, 8GB RAM, 256GB SSD, Natural Silver, 15-fd0131wm",HP,IN_STOCK,https://i5.walmartimages.com/seo/HP-15-6-inch-Laptop-Intel-Core-i3-N305-8GB-RAM-256GB-SSD-Natural-Silver_eb5ba6b9-0c01-4bdf-b8eb-8e0c3f9d83f0.d0970d297e1c7b187a12859152e60757.jpeg,"The HP 15 Laptop packs in the reliable processing power of an Intel processor, plus ample storage, powerful graphics and design with recycled materials, to give you the power and capacity to do more. Chat with ease knowing you have Full HD resolution with a camera you can close when not in use, keeping you safe online. Get every point across with dual array digital microphones and advanced noise reduction software. The long-lasting battery life and HP Fast Charge help you stay in the zone longer. Effortlessly take on your day and see the content that matters most with a 85% screen-to-body ratio and crisp quality display. Stay in your flow with plenty of ports to connect your devices. This PC is built to keep you in your flow, wherever that might be."
279.0,209,5265054314,4.4737,HP 14 inch Laptop Intel Core i3-N305 8GB RAM 256GB SSD Moonlight Blue,HP,IN_STOCK,https://i5.walmartimages.com/seo/HP-14-inch-Laptop-Intel-Core-i3-N305-8GB-RAM-256GB-SSD-Moonlight-Blue_3c814651-0efa-4e3c-9598-efb385991581.8bd1455c08963f272709c63b7f0dbf40.jpeg,"When the struggle is real, get real power with the HP 14 inch Laptop PC. Packing everything from the latest Intel processor, ample storage, and a sustainable design, it has never been easier to respect the planet and your budget. Take on your day and go beyond just raw processor speed with an Intel Core processor. Long-lasting battery life & HP Fast Charge help you stay in the zone longer. Get lost in a remarkable entertainment experience as the display delivers boosted definition and crisp quality. With an 84% screen-to-body ratio, you'll always have a great view of your favorite content. Stay in your flow with plenty of ports to connect your devices. This PC is built to keep you in your flow, wherever that might be. Get lost in a remarkable entertainment experience as the display delivers boosted definition and crisp quality. With an 84% screen-to-body ratio, you'll always have a great view of your favorite content. Stay in your flow with plenty of ports to connect your devices. This PC is built to keep you in your flow, wherever that might be."
895.99,487,5080177277,4.7146,CyberPowerPC Gamer Master Gaming Desktop AMD Ryzen 5-7600 Radeon RX 7600 16GB DDR5 1TB SSD Black (2024),CyberPowerPC,IN_STOCK,https://i5.walmartimages.com/seo/CyberPowerPC-Gamer-Master-Gaming-Desktop-AMD-Ryzen-5-7600-Radeon-RX-7600-16GB-DDR5-1TB-SSD-Black-2024_f8a48da5-59c3-4ece-88a2-9513b10cc668.304384397c29a1825704a1df8b44a6eb.jpeg,CYBERPOWERPC Gamer Master series is a line of gaming PCs powered by AMD’s newest Ryzen CPU and accompanying AM4 architecture. The Ryzen 5 CPU is the core to the series with fast processing speeds and up to 6 cores / 12 threads for effortless multi-tasking. The Gamer Master also includes the latest AMD Radeon or NVIDIA’s GeForce series of graphics cards to deliver high frame rates and impeccable image quality in the newest PC games.
699.0,45,5150283757,4.6444,MSI Thin 15.6 inch 144Hz Gaming Laptop Intel Core i5-13420H NVIDIA GeForce RTX 3050 16GB DDR4 512GB SSD Gray (2024),MSI,IN_STOCK,https://i5.walmartimages.com/seo/MSI-Thin-15-6-inch-144Hz-Gaming-Laptop-Intel-Core-i5-13420H-NVIDIA-GeForce-RTX-3050-16GB-DDR4-512GB-SSD-Gray-2024_b4ba83e9-6ef4-4379-a217-25493e8aa7fa.ae034b2ba662a8d223f4cf38d2afbb2d.jpeg,"MSI Thin 15 15.6"" Gaming Laptop, 144Hz, Intel Core i5-13420H, NVIDIA GeForce RTX 3050 4GB, 16GB DDR4 Memory, 512GB NVMe SSD, Windows 11 - B13UC-1000US"
244.74,43,3704878592,4.0,"Restored Dell OptiPlex RGB Gaming Desktop Computer PC, Intel i5 Quad-Core 6th Gen. Processor, 8GB Ram, 512GB SSD, NVIDIA GT 1030 DDR5, RGB KB & Mouse, WiFi, Windows 10 Pro (Refurbished)",BTO,IN_STOCK,https://i5.walmartimages.com/seo/Restored-Dell-OptiPlex-RGB-Gaming-Desktop-Computer-PC-Intel-i5-Quad-Core-6th-Gen-Processor-8GB-Ram-512GB-SSD-NVIDIA-GT-1030-DDR5-KB-Mouse-WiFi-Window_9ed3c7f2-9e5b-4565-b564-dc2650ddeb1e.313333b027c9a81d22bc4c6d6e47cd42.png,"Professionally Refurbished Dell Gaming Desktop Computer PC with Intel Quad Core i5 6th Generation 3.2GHz processor. Perfect for Gaming Business, Home and School.  Every component is tested for full functionality and compatibility to ensure years of ongoing performance and reliability. Exterior cosmetics are restored to a like-new condition with little to no visible signs of previous use. A fresh and authentic installation of Microsoft Windows 10 is performed with the new activation license digitally rendered in the PC for an easy and secure start upon first use."
208.99,3,3324944596,5.0,Dell Optiplex 7050 Desktop Computer | Quad Core Intel i5 (3.2) | 32GB DDR4 RAM | 1TB SSD Solid State | Windows 10 Professional | Home or Office PC,Dell,IN_STOCK,https://i5.walmartimages.com/seo/Dell-Optiplex-7050-Desktop-Computer-Quad-Core-Intel-i5-3-2-32GB-DDR4-RAM-1TB-SSD-Solid-State-Windows-10-Professional-Home-or-Office-PC_95e405d4-1d86-408d-a4ec-4e8c0e1312a9.503dbab3d7d5eda93718efb481f2243a.jpeg,"<p><strong>Dell Optiplex 7050 Desktop Computer: Designed for High-Quality Multi-tasking</strong></p><p>Perfect Home or Office PC: Built for professional grade multitasking, high-speed web browsing, and multimedia applications like streaming, or even lightweight editing.</p><p><strong>Compatible with Todays Most Popular Productivity Tools!</strong></p><p>This professional grade multitasking computer is compatible with all of todays most popular productivity software, like Office 365, Adobe, Docs, Sheets, Intuit Quickbooks, Netsuite, Audacity, Basecamp, Zoom, Cisco, Teams, and much more!</p><p><strong>This Home / Office Computer Hardware Includes:</strong></p><ul><li>CPU: Intel Quad-Core i5-6500</li><li>iGPU: Intel HD 560</li><li>RAM: 32GB DDR4</li><li>Primary Storage: 1TB Solid State Drive (SSD) </li><li>Network: Standard RJ-45 LAN Port</li><li>Wireless: Wi-Fi 5G + Bluetooth</li></ul><p><strong>BUY and OWN WITH CONFIDENCE </strong></p><p>Renewed and modernized by the #1 Microsoft Authorized Refurbisher, this Dell 7050 Desktop Computer is guaranteed to perform like-new and comes with a money-back guarantee!</p><p><strong>MICROSOFT AUTHORIZED REFURBISHED</strong> Your Desktop comes with a digitally rendered Windows 10 Professional install for a secure and convenient setup process. Every computer from us is professionally renewed through a set of globally recognized and top-tier production processes, including a full-system test, a fresh install of Windows 10 Professional, and robust stress-testing.</p>"
208.99,3,3324944596,5.0,Dell Optiplex 7050 Desktop Computer | Quad Core Intel i5 (3.2) | 32GB DDR4 RAM | 1TB SSD Solid State | Windows 10 Professional | Home or Office PC,Dell,IN_STOCK,https://i5.walmartimages.com/seo/Dell-Optiplex-7050-Desktop-Computer-Quad-Core-Intel-i5-3-2-32GB-DDR4-RAM-1TB-SSD-Solid-State-Windows-10-Professional-Home-or-Office-PC_95e405d4-1d86-408d-a4ec-4e8c0e1312a9.503dbab3d7d5eda93718efb481f2243a.jpeg,"<p><strong>Dell Optiplex 7050 Desktop Computer: Designed for High-Quality Multi-tasking</strong></p><p>Perfect Home or Office PC: Built for professional grade multitasking, high-speed web browsing, and multimedia applications like streaming, or even lightweight editing.</p><p><strong>Compatible with Todays Most Popular Productivity Tools!</strong></p><p>This professional grade multitasking computer is compatible with all of todays most popular productivity software, like Office 365, Adobe, Docs, Sheets, Intuit Quickbooks, Netsuite, Audacity, Basecamp, Zoom, Cisco, Teams, and much more!</p><p><strong>This Home / Office Computer Hardware Includes:</strong></p><ul><li>CPU: Intel Quad-Core i5-6500</li><li>iGPU: Intel HD 560</li><li>RAM: 32GB DDR4</li><li>Primary Storage: 1TB Solid State Drive (SSD) </li><li>Network: Standard RJ-45 LAN Port</li><li>Wireless: Wi-Fi 5G + Bluetooth</li></ul><p><strong>BUY and OWN WITH CONFIDENCE </strong></p><p>Renewed and modernized by the #1 Microsoft Authorized Refurbisher, this Dell 7050 Desktop Computer is guaranteed to perform like-new and comes with a money-back guarantee!</p><p><strong>MICROSOFT AUTHORIZED REFURBISHED</strong> Your Desktop comes with a digitally rendered Windows 10 Professional install for a secure and convenient setup process. Every computer from us is professionally renewed through a set of globally recognized and top-tier production processes, including a full-system test, a fresh install of Windows 10 Professional, and robust stress-testing.</p>"
551.0,342,1706157060,4.4415,HP 27 inch Monitor & Slim Desktop Bundle Intel Core i3-12100 8GB RAM 512GB SSD Black,HP,IN_STOCK,https://i5.walmartimages.com/seo/HP-27-inch-Monitor-Slim-Desktop-Bundle-Intel-Core-i3-12100-8GB-RAM-512GB-SSD-Black_cf4453c2-d253-4a2e-89b9-3c7d0657b78c.8157d26a04dabb29345f3339cd41c662.jpeg,"Make the most of your living space with the reliable compact HP Slim Desktop and 27"" Monitor bundle. With a bold geometric pattern and all the ports you need located on the front, it's the perfect blend of form and function.  Keep the focus on your screen through the sleek 3-sided micro-edge bezel, neat cable management  and slim stand with adjustable tilt for your perfect view. Everything you do feels fast with the performance of a reliable processor. Save more of what you love with abundant storage for all your photos, videos and documents. Plus, made with the planet in mind, this HP desktop is EPEAT Silver registered and ENERGY STAR certified. HP's outer boxes and fiber cushions used in packaging are 100% sustainably sourced and recyclable."
305.0,78,2998110072,4.5256,HP Slim Desktop Intel Processor J4025 8GB RAM 256GB SSD Dark Black,HP,IN_STOCK,https://i5.walmartimages.com/seo/HP-Slim-Desktop-Intel-Processor-J4025-8GB-RAM-256GB-SSD-Dark-Black_3fa8e0eb-4cf3-4a04-a0e5-24f003b8c106.a2f716e614b5ab234841d0b69eae1750.jpeg,"With a bold geometric pattern and all the ports you need located on the front, the HP Slim Desktop is the perfect blend of form and function. Everything you do feels fast with the performance of a reliable Intel Pentium Silver Processor. Plus, save more of what you love with abundant storage for all your photos, videos and documents."
305.0,78,2998110072,4.5256,HP Slim Desktop Intel Processor J4025 8GB RAM 256GB SSD Dark Black,HP,IN_STOCK,https://i5.walmartimages.com/seo/HP-Slim-Desktop-Intel-Processor-J4025-8GB-RAM-256GB-SSD-Dark-Black_3fa8e0eb-4cf3-4a04-a0e5-24f003b8c106.a2f716e614b5ab234841d0b69eae1750.jpeg,"With a bold geometric pattern and all the ports you need located on the front, the HP Slim Desktop is the perfect blend of form and function. Everything you do feels fast with the performance of a reliable Intel Pentium Silver Processor. Plus, save more of what you love with abundant storage for all your photos, videos and documents."
189.99,287,988705879,4.2439,"Gateway Chromebook, 15.6"" HD, Intel Pentium N6000, Quad Core, 4GB RAM, 128GB Storage, 1MP Webcam, Chrome OS, Black, GCNP41524-BK",Gateway,IN_STOCK,https://i5.walmartimages.com/seo/Gateway-Chromebook-15-6-HD-Intel-Pentium-N6000-Quad-Core-4GB-RAM-128GB-Storage-1MP-Webcam-Chrome-OS-Black-GCNP41524-BK_f1bc14da-6122-4b52-8846-7f2a3c9bbeea.b6be2d37abab45787f1cd0e99eaa0f76.jpeg,"<p><strong>Check out more Gateway Products at&nbsp;</strong><a rel=""nofollow"" href=""http://www.walmart.com/Gateway""><strong>Walmart.com/Gateway</strong></a></p> <p><strong>Introducing the New Gateway 15.6"" Chromebook</strong></p> <p>Our new 15.6” Chromebook from Gateway is the ultimate portable notebook that brings crystal-clear picture for all of your tasks and an extravagant new design. You’re guaranteed to experience clarity with a 15.6” LCD HD Display and precision touchpad. The computer is powered by an Intel Pentium Silver Processor and has 4 GB memory RAM.</p> <p><strong>Chromebook. Ready when you are.</strong></p> <p>Chromebook boots up as fast as six seconds,* so it’s ready when you are. No more waiting when you have something really important to do. Whether you’re working in a meeting or taking notes in class, just open up your Chromebook and get going. With automatic software updates every six weeks, your device gets the latest software without interrupting you. Google Assistant on Chromebook** also helps you multitask and get things done quickly. Thanks to Launcher on Chromebook, you can search Google, your Drive, your apps, local files and more – all from one place. Search in one spot, get things done faster.</p> <p>*Boot up speed varies depending on device.</p> <p>** An Internet connection is required to enable Google Assistant.</p> <p><strong>Chromebook. Upgrade to easy.</strong></p> <p>Simplify life with a Chromebook. Just start by logging in to your Google Account and you’ll be off and running. Even if you’re not connected to Wi-Fi, you can keep getting things done when you’re offline.* Get all the apps you love from the Google Play Store. And with up to 10 hours of battery life**, you don’t even need to remember your charger.</p> <p>*A user needs to enable offline access in different apps to take full advantage of Chromebook’s offline capabilities.</p> <p>**Battery life may vary based on device and upon usage and other conditions.</p>"
699.99,471,5130133114,4.6348,Lenovo Legion Go Handheld Touchscreen Gaming PC - Shadow Black [AMD Ryzen Z1 Extreme 16GB RAM 512GB SSD] Includes 1 Year Legion Ultimate Support plan 24/7/365,Lenovo,IN_STOCK,https://i5.walmartimages.com/seo/Lenovo-Legion-Go-Handheld-Touchscreen-Gaming-PC-Shadow-Black-AMD-Ryzen-Z1-Extreme-16GB-RAM-512GB-SSD-Includes-1-Year-Ultimate-Support-plan-24-7-365_8a577949-5e55-4eb3-a9bc-2e025537b10e.44fa574b52c0e5dd931b74099d5ee967.jpeg,Lenovo Legion Go Handheld Touchscreen Gaming PC - Shadow Black [AMD Ryzen Z1 Extreme 16GB RAM 512GB SSD] Includes 1 Year Legion Ultimate Support plan 24/7/365
699.0,106,2183074919,4.5472,Lenovo IdeaCentre 3i 27 inch FHD IPS Touch All-in-One Desktop Intel Core i5-12450H 8GB RAM 512GB SSD Black,Lenovo,IN_STOCK,https://i5.walmartimages.com/seo/Lenovo-IdeaCentre-3i-27-inch-FHD-IPS-Touch-All-in-One-Desktop-Intel-Core-i5-12450H-8GB-RAM-512GB-SSD-Black_98f7f628-df68-4583-a85b-2d496e61f7ca.13498bd1f571dff38b20247131f5abb5.jpeg,"A family PC for all generations, the Lenovo IdeaCentre AIO 3i seamlessly handles heavy multitasking sessions from demanding households with a 12th Generation Intel® Core™ i5 processor in a compact space-saving design that looks good anywhere you put it. Watch shows with the family on a vivid IPS FHD display with room-filling audio by Harman Kardon®"
189.0,402,858099892,4.4652,"ASUS C424MA 14 4GB, 64GB Chromebook; 14"" Full HD, Intel Celeron N4020, 4GB RAM, 64GB eMMC, Silver, Chrome OS, C424MA-WH44F",ASUS,IN_STOCK,https://i5.walmartimages.com/seo/ASUS-C424MA-WH44F-14-FHD-Celeron-N4020-1-1GHz-Intel-UHD-Graphics-600-4GB-RAM-64GB-SSD-Chrome-OS-Silver_8e01e912-e7a0-4e87-baa2-ef3f0be38d4b.2207ddb1cb7f9d0040d0eac6ab83e756.jpeg,"ASUS Chromebook C424 is the simple way to boost your productivity and have more fun on the move - all day and every day.  This portable and lightweight 14"" Chromebook is powered by an Intel  Celeron processor and gives you the freedom of up to 10 hours battery life.  It also features a slim bezel design, which gives you a big screen in a compact chassis for easier multitasking and more immersive entertainment.  Preloaded wiht the best of Google, it provides you the gateway to the rich library of apps on Google Play.  With it's speedy perforemance, robust security and convenient features, it's not only perfect for students - it's ideal for anyone who's always on the go!"
259.0,0,3843457919,,"ASUS Laptop L510, 15.6"" Full HD, Intel Celeron N4020, 4GB RAM, 128GB SSD, Star Black, Windows 10 Home in S Mode, L510MA-WB04",ASUS,IN_STOCK,https://i5.walmartimages.com/seo/ASUS-Laptop-L510-15-6-Full-HD-Intel-Celeron-N4020-4GB-RAM-128GB-SSD-Star-Black-Windows-10-Home-in-S-Mode-L510MA-WB04_512613a8-dc12-4175-8efe-69b628068417.51d3718386f5d4fadeda6361f346da3e.jpeg,"The ASUS Laptop L510 is designed to help you be productive all day - even when you're on the move. This compact and lightweight 15.6"" FHD laptop is powered by the latest Intel Celeron processor and provides long lasting battery life. With eMMC storage and pre-loaded Windows 10 in S mode, it offers full compatibility with a wide range of software and peripherals. Its the best laptop for people on the go."
190.0,113,1186201931,3.5841,"Restored Dell OptiPlex Desktop Computer PC with RGB lights, Intel i5 Quad-Core 6th Gen. Processor, 8GB Ram, 256GB SSD, 22 inch Monitor, BTO RGB Gaming Keyboard & Mouse, WiFi, Windows 10 Pro (Refurbished)",Dell,IN_STOCK,https://i5.walmartimages.com/seo/Restored-Dell-OptiPlex-Desktop-Computer-PC-RGB-lights-Intel-i5-Quad-Core-6th-Gen-Processor-8GB-Ram-256GB-SSD-22-inch-Monitor-BTO-Gaming-Keyboard-Mous_343f6938-6a61-44d2-89b7-d95d305f2818.4b89a3f769af2cce36f63d905e7089ce.png,"Professionally Refurbished Dell Desktop Computer PC with Intel Quad Core i5 6th Generation 3.2GHz processor. Perfect for Business, Home and School, this computer has been professionally refurbished by a Microsoft Authorized Refurbisher. Every component is tested for full functionality and compatibility to ensure years of ongoing performance and reliability. Exterior cosmetics are restored to a like-new condition with little to no visible signs of previous use. A fresh and authentic installation of Microsoft Windows 10 is performed with the new activation license digitally rendered in the PC for an easy and secure start upon first use."
190.0,113,1186201931,3.5841,"Restored Dell OptiPlex Desktop Computer PC with RGB lights, Intel i5 Quad-Core 6th Gen. Processor, 8GB Ram, 256GB SSD, 22 inch Monitor, BTO RGB Gaming Keyboard & Mouse, WiFi, Windows 10 Pro (Refurbished)",Dell,IN_STOCK,https://i5.walmartimages.com/seo/Restored-Dell-OptiPlex-Desktop-Computer-PC-RGB-lights-Intel-i5-Quad-Core-6th-Gen-Processor-8GB-Ram-256GB-SSD-22-inch-Monitor-BTO-Gaming-Keyboard-Mous_343f6938-6a61-44d2-89b7-d95d305f2818.4b89a3f769af2cce36f63d905e7089ce.png,"Professionally Refurbished Dell Desktop Computer PC with Intel Quad Core i5 6th Generation 3.2GHz processor. Perfect for Business, Home and School, this computer has been professionally refurbished by a Microsoft Authorized Refurbisher. Every component is tested for full functionality and compatibility to ensure years of ongoing performance and reliability. Exterior cosmetics are restored to a like-new condition with little to no visible signs of previous use. A fresh and authentic installation of Microsoft Windows 10 is performed with the new activation license digitally rendered in the PC for an easy and secure start upon first use."
249.0,613,301977789,4.4796,"CHUWI GemiBook XPro 14"" Laptop,256GB SSD 8GB RAM,12th Gen Intel Alder Lake N100(Up to 3.4GHz),Windows 11 Notebook Gaming Computer,2160*1440 IPS Display,Wi-Fi,Bluetooth 5.1,Full Metal",Chuwi,IN_STOCK,https://i5.walmartimages.com/seo/CHUWI-GemiBook-XPro-14-Laptop-256GB-SSD-8GB-RAM-12th-Gen-Intel-Alder-Lake-N100-Up-3-4GHz-Windows-11-Notebook-Gaming-Computer-2160-1440-IPS-Display-Wi_4faab721-40e1-467c-ab51-36fdcb577cef.51e0f05e94498595acaf2fffc58f4f90.jpeg,"<p>【Alder N100 Processor】CHUWI Gemibook XPro comes with newest 12th Gen Intel Alder Lake-N100 (frequency is 3.4GHz and quad-core 4 threads). Pre-installed Windows 11 home OS. Supports DirectX 12 and OpenGL 4.5, it can run most modern games at mid graphics settings.<br></p>
<p>【14.1 inch IPS FHD Screen】With 2K 1920*1080 Resolution, over 80% screen occupancy, 16:9 aspect ratio that delivers stunning color accuracy and detailed images. 38Wh high-performance battery can work for 6 to 8 hours without worrying about running out of power.</p>
<p>【8GB LPDDR5+256GB SSD】Dual channel 4800MHz LPDDR5 RAM delivering quick app launches, smooth games and videos. 256GB SSD hard disk ideal for downloading tons of files, apps, songs. Support M.2 SSD expansion to 1TB. TF card interface supports up to 128GB.<br>
</p>
<p>【Light &amp; Thin Body】Whole body approx 3.2lbs and thickness is 0.7"", is engineered for superior heat and impact resistance. The full-sized keyboard and large trackpad combination provides a comfortable typing experience.&nbsp;    Durable and lightweight design makes it perfect for home or travel. 
    
</p>
<p>【WiFi6 &amp; BT5.2】WiFi 6 is 3X faster than AC 5G Wi-Fi, and saves 30% power consumption, is ideal for online courses, telecommuting, video and games. This win11 laptop builts in Bluetooth 5.2, the data transmission speed is increased by 100% compared to BT 4.2, it can be more stable at high speed.
    
    
</p>
<p>【Better Interaction】The full-sized keyboard and large trackpad combination provide an intuitive and efficient way to interact with your device, making it easy to get work done or enjoy multimedia content.</p><p>【Privacy Protection】The physical webcam slide locker design is an essential feature that can protect your privacy against potential    cyber threats, and that you have complete control over your privacy.<br></p>"
249.0,613,301977789,4.4796,"CHUWI GemiBook XPro 14"" Laptop,256GB SSD 8GB RAM,12th Gen Intel Alder Lake N100(Up to 3.4GHz),Windows 11 Notebook Gaming Computer,2160*1440 IPS Display,Wi-Fi,Bluetooth 5.1,Full Metal",Chuwi,IN_STOCK,https://i5.walmartimages.com/seo/CHUWI-GemiBook-XPro-14-Laptop-256GB-SSD-8GB-RAM-12th-Gen-Intel-Alder-Lake-N100-Up-3-4GHz-Windows-11-Notebook-Gaming-Computer-2160-1440-IPS-Display-Wi_4faab721-40e1-467c-ab51-36fdcb577cef.51e0f05e94498595acaf2fffc58f4f90.jpeg,"<p>【Alder N100 Processor】CHUWI Gemibook XPro comes with newest 12th Gen Intel Alder Lake-N100 (frequency is 3.4GHz and quad-core 4 threads). Pre-installed Windows 11 home OS. Supports DirectX 12 and OpenGL 4.5, it can run most modern games at mid graphics settings.<br></p>
<p>【14.1 inch IPS FHD Screen】With 2K 1920*1080 Resolution, over 80% screen occupancy, 16:9 aspect ratio that delivers stunning color accuracy and detailed images. 38Wh high-performance battery can work for 6 to 8 hours without worrying about running out of power.</p>
<p>【8GB LPDDR5+256GB SSD】Dual channel 4800MHz LPDDR5 RAM delivering quick app launches, smooth games and videos. 256GB SSD hard disk ideal for downloading tons of files, apps, songs. Support M.2 SSD expansion to 1TB. TF card interface supports up to 128GB.<br>
</p>
<p>【Light &amp; Thin Body】Whole body approx 3.2lbs and thickness is 0.7"", is engineered for superior heat and impact resistance. The full-sized keyboard and large trackpad combination provides a comfortable typing experience.&nbsp;    Durable and lightweight design makes it perfect for home or travel. 
    
</p>
<p>【WiFi6 &amp; BT5.2】WiFi 6 is 3X faster than AC 5G Wi-Fi, and saves 30% power consumption, is ideal for online courses, telecommuting, video and games. This win11 laptop builts in Bluetooth 5.2, the data transmission speed is increased by 100% compared to BT 4.2, it can be more stable at high speed.
    
    
</p>
<p>【Better Interaction】The full-sized keyboard and large trackpad combination provide an intuitive and efficient way to interact with your device, making it easy to get work done or enjoy multimedia content.</p><p>【Privacy Protection】The physical webcam slide locker design is an essential feature that can protect your privacy against potential    cyber threats, and that you have complete control over your privacy.<br></p>"
299.0,613,686585203,4.4796,"CHUWI GemiBook Plus 15.6"" Laptop 512GB SSD 16GB DDR5,12th Gen Intel N100,2K IPS Display,Quad Core,Windows 11 Gaming Notebook Computer,3.4GHz,WIFI 6,1920*1080",Chuwi,IN_STOCK,https://i5.walmartimages.com/seo/CHUWI-GemiBook-Plus-15-6-Laptop-512GB-SSD-16GB-DDR5-12th-Gen-Intel-N100-2K-IPS-Display-Quad-Core-Windows-11-Gaming-Notebook-Computer-3-4GHz-WIFI-6-19_1197ae1d-cbce-4147-ba80-bb9c4d6cf3e8.762fb6ec671477b55f20eaa80481f70d.jpeg,"<ul><li><b>Alder N100 Processor:</b>CHUWI Gemibook Plus comes with newest 12th Gen Intel Alder Lake-N100 (frequency is 3.4GHz and quad-core 4 threads). Pre-installed Windows 11 home OS. Supports DirectX 12 and OpenGL 4.5, it can run most modern games at mid
        graphics settings.</li><li><b>16GB LPDDR5+512GB SSD:</b>Dual channel 4800MHz LPDDR5 RAM delivering quick app launches, smooth games and videos.512GB SSD hard disk ideal for downloading tons of files, apps, songs.</li><li><b>15.6 inch IPS FHD Screen:</b>With 2K 1920*1080 Resolution, over 80% screen occupancy, 16:9 aspect ratio that delivers stunning color accuracy and detailed images. 38Wh high-performance
        battery can work for 6 to 8 hours without worrying about running out of power.</li><li><b>Light &amp; Thin Body:</b>Whole body approx 3.85lbs and thickness is 0.78"""", is engineered for superior heat and impact resistance. The full-sized keyboard and large trackpad combination
        provides a comfortable typing experience. Durable and lightweight design makes it perfect for home or travel.</li><li><b>One Year Limited Warranty:</b>CHUWI has strict standard for all stages of production to ensure the quality of our 2023 new laptops. All laptop computers are subjected to 200 hours of
        machine aging tests before shipment to make sure each frame is working flawlessly. We offer ONE YEAR limited warranty. Any questions about our CHUWI laptops, please contact us for an easy solution or a fast replacement!</li></ul>"
249.0,613,301977789,4.4796,"CHUWI GemiBook XPro 14"" Laptop,256GB SSD 8GB RAM,12th Gen Intel Alder Lake N100(Up to 3.4GHz),Windows 11 Notebook Gaming Computer,2160*1440 IPS Display,Wi-Fi,Bluetooth 5.1,Full Metal",Chuwi,IN_STOCK,https://i5.walmartimages.com/seo/CHUWI-GemiBook-XPro-14-Laptop-256GB-SSD-8GB-RAM-12th-Gen-Intel-Alder-Lake-N100-Up-3-4GHz-Windows-11-Notebook-Gaming-Computer-2160-1440-IPS-Display-Wi_4faab721-40e1-467c-ab51-36fdcb577cef.51e0f05e94498595acaf2fffc58f4f90.jpeg,"<p>【Alder N100 Processor】CHUWI Gemibook XPro comes with newest 12th Gen Intel Alder Lake-N100 (frequency is 3.4GHz and quad-core 4 threads). Pre-installed Windows 11 home OS. Supports DirectX 12 and OpenGL 4.5, it can run most modern games at mid graphics settings.<br></p>
<p>【14.1 inch IPS FHD Screen】With 2K 1920*1080 Resolution, over 80% screen occupancy, 16:9 aspect ratio that delivers stunning color accuracy and detailed images. 38Wh high-performance battery can work for 6 to 8 hours without worrying about running out of power.</p>
<p>【8GB LPDDR5+256GB SSD】Dual channel 4800MHz LPDDR5 RAM delivering quick app launches, smooth games and videos. 256GB SSD hard disk ideal for downloading tons of files, apps, songs. Support M.2 SSD expansion to 1TB. TF card interface supports up to 128GB.<br>
</p>
<p>【Light &amp; Thin Body】Whole body approx 3.2lbs and thickness is 0.7"", is engineered for superior heat and impact resistance. The full-sized keyboard and large trackpad combination provides a comfortable typing experience.&nbsp;    Durable and lightweight design makes it perfect for home or travel. 
    
</p>
<p>【WiFi6 &amp; BT5.2】WiFi 6 is 3X faster than AC 5G Wi-Fi, and saves 30% power consumption, is ideal for online courses, telecommuting, video and games. This win11 laptop builts in Bluetooth 5.2, the data transmission speed is increased by 100% compared to BT 4.2, it can be more stable at high speed.
    
    
</p>
<p>【Better Interaction】The full-sized keyboard and large trackpad combination provide an intuitive and efficient way to interact with your device, making it easy to get work done or enjoy multimedia content.</p><p>【Privacy Protection】The physical webcam slide locker design is an essential feature that can protect your privacy against potential    cyber threats, and that you have complete control over your privacy.<br></p>"
279.0,113,1894245154,2.9558,"Restored Apple MacBook Pro 13.3-inch Core i5 2.7GHz 8GB RAM Mac OS 256GB SSD Bundle: Black Case, Wireless Mouse, Bluetooth/Wireless Airbuds By Certified 2 Day Express (Refurbished)",Apple,IN_STOCK,https://i5.walmartimages.com/seo/Restored-Apple-MacBook-Pro-13-3-inch-Core-i5-2-7GHz-8GB-RAM-Mac-OS-256GB-SSD-Bundle-Black-Case-Wireless-Mouse-Bluetooth-Wireless-Airbuds-By-Certified_fcc1f0a5-637e-4805-9cc7-a1bc43ec0283.986ad2dcd2524cea080eb760877c9dba.jpeg,"This Apple MacBook Pro laptop has a high-resolution LED-backlit 13.3-inch widescreen Retina display (2560 x 1600 native resolution). Powered by Intel Core i5 2.7GHz and Intel Iris Graphics, and supports Mac OS. Solid State Drive capacity of 256GB with 8GB of RAM. Bundle includes Black Case, Wireless Mouse, and Bluetooth/Wireless Airbuds By Certified 2 Day Express! This device has been tested to be in great working condition. It will show signs of use and cosmetic blemishes which may included some scratched/dings, all of which do not affect the usability of this device. (Refurbished)"
279.0,113,1894245154,2.9558,"Restored Apple MacBook Pro 13.3-inch Core i5 2.7GHz 8GB RAM Mac OS 256GB SSD Bundle: Black Case, Wireless Mouse, Bluetooth/Wireless Airbuds By Certified 2 Day Express (Refurbished)",Apple,IN_STOCK,https://i5.walmartimages.com/seo/Restored-Apple-MacBook-Pro-13-3-inch-Core-i5-2-7GHz-8GB-RAM-Mac-OS-256GB-SSD-Bundle-Black-Case-Wireless-Mouse-Bluetooth-Wireless-Airbuds-By-Certified_fcc1f0a5-637e-4805-9cc7-a1bc43ec0283.986ad2dcd2524cea080eb760877c9dba.jpeg,"This Apple MacBook Pro laptop has a high-resolution LED-backlit 13.3-inch widescreen Retina display (2560 x 1600 native resolution). Powered by Intel Core i5 2.7GHz and Intel Iris Graphics, and supports Mac OS. Solid State Drive capacity of 256GB with 8GB of RAM. Bundle includes Black Case, Wireless Mouse, and Bluetooth/Wireless Airbuds By Certified 2 Day Express! This device has been tested to be in great working condition. It will show signs of use and cosmetic blemishes which may included some scratched/dings, all of which do not affect the usability of this device. (Refurbished)"
1599.0,203,2688289785,4.4532,"iBUYPOWER Y40 Gaming Desktop, Ryzen 7 7700, NVIDIA GeForce RTX 4070, 16GB DDR5, 1TB NVMe SSD, Liquid Cooled, RGB, Windows 11 Home 64-bit, Y40BA7N4701",iBUYPOWER,IN_STOCK,https://i5.walmartimages.com/seo/iBUYPOWER-Y40-Gaming-Desktop-Ryzen-7-7700-NVIDIA-GeForce-RTX-4070-16GB-DDR5-1TB-NVMe-SSD-Liquid-Cooled-RGB-Windows-11-Home-64-bit-Y40BA7N4701_c9937557-bacf-4d5f-ba73-3e7a0bb741cb.c70cf3b92ec3b0869d9f929bd1d4bdb8.png,"Level up your setup with the iBUYPOWER Y40BA7N4701, the perfect PC build for someone looking to upgrade their computer system for gaming, editing, art, and more. This prebuild utilizes professionally vetted components to create a high-performing machine that lets you do everything from streaming, creating content, and rendering videos to playing your favorite games at a higher FPS. You can take your gaming and content creation to a whole new level with the AMD Ryzen 7 7700 processor and the NVIDIA GeForce RTX 4070. Work harder and play longer thanks to the 16GB of DDR5 RAM and liquid cooling system, which will keep your PC running more smoothly and quietly. Enjoy fast system and application start-up times as well as ample storage space with the 1TB NVMe SSD.  The tempered glass computer case protects and showcases this aesthetic RGB build. Expand your potential and experience gaming as it should be with iBUYPOWER."
259.0,346,270583648,4.1387,"HP 14"" FHD Laptop Computer, AMD Ryzen 3-3250, 4GB RAM, 128GB SSD, Silver, Windows 11 (S mode), 14-fq0110wm",HP,IN_STOCK,https://i5.walmartimages.com/seo/HP-14-FHD-Laptop-Computer-AMD-Ryzen-3-3250-4GB-RAM-128GB-SSD-Silver-Windows-11-S-mode-14-fq0110wm_c033a8e6-dc8d-4091-a46a-f77a1064b2a1.e5a472f5ae55644a87bfc0721926c9b6.jpeg,"Power through your busiest days with this silver HP 14 Laptop designed to keep you productive and entertained wherever your day takes you. Long battery life means you can keep going whether you're at an outdoor cafe or hitting the road, and when you do need a charge, this fast charge laptop goes from 0 to 50% in approximately 45 minutes."
259.0,346,270583648,4.1387,"HP 14"" FHD Laptop Computer, AMD Ryzen 3-3250, 4GB RAM, 128GB SSD, Silver, Windows 11 (S mode), 14-fq0110wm",HP,IN_STOCK,https://i5.walmartimages.com/seo/HP-14-FHD-Laptop-Computer-AMD-Ryzen-3-3250-4GB-RAM-128GB-SSD-Silver-Windows-11-S-mode-14-fq0110wm_c033a8e6-dc8d-4091-a46a-f77a1064b2a1.e5a472f5ae55644a87bfc0721926c9b6.jpeg,"Power through your busiest days with this silver HP 14 Laptop designed to keep you productive and entertained wherever your day takes you. Long battery life means you can keep going whether you're at an outdoor cafe or hitting the road, and when you do need a charge, this fast charge laptop goes from 0 to 50% in approximately 45 minutes."
568.9,15,5229831043,4.0667,ICEWOLF - Gaming desktop PC - AMD Ryzen 7 5700G 8 core 3.8GHz(up to 4.6GHz) - Radeon Vega 8 - 16GB DDR4 3200MHz Ram - 1TB M.2 NVMe - 500W 80 Plus PSU - Windows 11 pro - AC WIFI - Bluetooth- ARGB Fans,ICEWOLF,IN_STOCK,https://i5.walmartimages.com/seo/ICEWOLF-Gaming-desktop-PC-AMD-Ryzen-7-5700G-8-core-3-8GHz-up-4-6GHz-Radeon-Vega-16GB-DDR4-3200MHz-Ram-1TB-M-2-NVMe-500W-80-Plus-PSU-Windows-11-pro-AC_557dd404-d231-4087-b573-0bf16d3e68c7.1ee58bd397261b84bf91a005037c1fde.jpeg,"A high-performance gaming desktop PC featuring an AMD Ryzen 7 5700G octa-core processor with up to 4.6GHz clock speed for superior gaming performance. With 16GB DDR4 3200MHz RAM and a 1TB M.2 NVMe SSD, multitasking and storage are seamless. The 500W 80 Plus certified power supply ensures stable performance. Pre-installed with Windows 11 Pro, it offers an advanced interface. WIFI connectivity enable easy networking. The RGB fan not only enhances cooling but also adds a dazzling effect. You can upgrade your graphics card memory hard disk etc. later. Meet the needs of more people to use, the use of a longer life.ICEWOLF delivers exceptional gaming experiences, promising power, and durability."
568.9,15,5229831043,4.0667,ICEWOLF - Gaming desktop PC - AMD Ryzen 7 5700G 8 core 3.8GHz(up to 4.6GHz) - Radeon Vega 8 - 16GB DDR4 3200MHz Ram - 1TB M.2 NVMe - 500W 80 Plus PSU - Windows 11 pro - AC WIFI - Bluetooth- ARGB Fans,ICEWOLF,IN_STOCK,https://i5.walmartimages.com/seo/ICEWOLF-Gaming-desktop-PC-AMD-Ryzen-7-5700G-8-core-3-8GHz-up-4-6GHz-Radeon-Vega-16GB-DDR4-3200MHz-Ram-1TB-M-2-NVMe-500W-80-Plus-PSU-Windows-11-pro-AC_557dd404-d231-4087-b573-0bf16d3e68c7.1ee58bd397261b84bf91a005037c1fde.jpeg,"A high-performance gaming desktop PC featuring an AMD Ryzen 7 5700G octa-core processor with up to 4.6GHz clock speed for superior gaming performance. With 16GB DDR4 3200MHz RAM and a 1TB M.2 NVMe SSD, multitasking and storage are seamless. The 500W 80 Plus certified power supply ensures stable performance. Pre-installed with Windows 11 Pro, it offers an advanced interface. WIFI connectivity enable easy networking. The RGB fan not only enhances cooling but also adds a dazzling effect. You can upgrade your graphics card memory hard disk etc. later. Meet the needs of more people to use, the use of a longer life.ICEWOLF delivers exceptional gaming experiences, promising power, and durability."
649.0,48,1705691734,4.6875,"ASUS TUF F15 Gaming PC Laptop, 15.6” 144Hz FHD Display, Intel Core i5, Nvidia GeForce RTX 3050, 8GB DDR4 RAM, 512GB PCIe SSD, Wi-Fi 6, Windows 11, FX506HC-RS51",ASUS,IN_STOCK,https://i5.walmartimages.com/seo/ASUS-TUF-F15-Gaming-PC-Laptop-15-6-144Hz-FHD-Display-Intel-Core-i5-Nvidia-GeForce-RTX-3050-8GB-DDR4-RAM-512GB-PCIe-SSD-Wi-Fi-6-Windows-11-FX506HC-RS5_e71747ea-8f07-4f73-9e40-48478e6d9bcc.e7ac17be19c810ec27a0e4daf2df00f3.jpeg,"Geared for serious PC gaming, the TUF Gaming F15 is a feature-packed Windows 11 gaming laptop with the power to carry you to victory. The GeForce RTX™ GPU delivers fluid gameplay on its fast display, while the potent Intel® Core™ CPU is bolstered by improved cooling that amps CPU performance and keeps acoustics stealthy. A long-lasting 48Wh battery coupled with TUF’s military-grade durability keeps you on your best game anywhere."
649.0,48,1705691734,4.6875,"ASUS TUF F15 Gaming PC Laptop, 15.6” 144Hz FHD Display, Intel Core i5, Nvidia GeForce RTX 3050, 8GB DDR4 RAM, 512GB PCIe SSD, Wi-Fi 6, Windows 11, FX506HC-RS51",ASUS,IN_STOCK,https://i5.walmartimages.com/seo/ASUS-TUF-F15-Gaming-PC-Laptop-15-6-144Hz-FHD-Display-Intel-Core-i5-Nvidia-GeForce-RTX-3050-8GB-DDR4-RAM-512GB-PCIe-SSD-Wi-Fi-6-Windows-11-FX506HC-RS5_e71747ea-8f07-4f73-9e40-48478e6d9bcc.e7ac17be19c810ec27a0e4daf2df00f3.jpeg,"Geared for serious PC gaming, the TUF Gaming F15 is a feature-packed Windows 11 gaming laptop with the power to carry you to victory. The GeForce RTX™ GPU delivers fluid gameplay on its fast display, while the potent Intel® Core™ CPU is bolstered by improved cooling that amps CPU performance and keeps acoustics stealthy. A long-lasting 48Wh battery coupled with TUF’s military-grade durability keeps you on your best game anywhere."
899.0,190,2682994252,4.6895,"Acer Nitro 5 Gaming laptop, 15.6"" Full HD IPS 144Hz Display, 12th Gen Intel Core i7-12650H, NVIDIA GeForce RTX 4050 Laptop GPU, 16GB DDR5, 1TB PCIe Gen 4 SSD, Windows 11 Home, AN515-58-75NM",Acer,IN_STOCK,https://i5.walmartimages.com/seo/Acer-Nitro-5-Gaming-laptop-15-6-Full-HD-IPS-144Hz-Display-12th-Gen-Intel-Core-i7-12650H-NVIDIA-GeForce-RTX-4050-Laptop-GPU-16GB-DDR5-1TB-PCIe-4-SSD-W_54d820be-e995-4dfd-a207-f0004467c571.dbd49defe24e713f702ab0a3a85170a7.jpeg,"Fire it up then go full throttle faster and more effectively than ever with Acer's next evolution of its Nitro 5 gaming laptop. The new Nitro 5 soars to new levels of performance for gamers and creators, courtesy of its 12th Gen Intel Core processor and NVIDIA GeForce RTX 4050 laptop graphics—powered by Ada Lovelace NVIDIA's RTX architecture! Next, toss in the vivid, crystal-clear 15.6” Full HD display with a 144Hz IPS panel, ample cooling and a 4-zone RGB keyboard and you can see why the Nitro 5 is a knockout hit for gamers of every level! Enjoy PC games on Nitro 5 with one month of Game Pass included."
899.0,190,2682994252,4.6895,"Acer Nitro 5 Gaming laptop, 15.6"" Full HD IPS 144Hz Display, 12th Gen Intel Core i7-12650H, NVIDIA GeForce RTX 4050 Laptop GPU, 16GB DDR5, 1TB PCIe Gen 4 SSD, Windows 11 Home, AN515-58-75NM",Acer,IN_STOCK,https://i5.walmartimages.com/seo/Acer-Nitro-5-Gaming-laptop-15-6-Full-HD-IPS-144Hz-Display-12th-Gen-Intel-Core-i7-12650H-NVIDIA-GeForce-RTX-4050-Laptop-GPU-16GB-DDR5-1TB-PCIe-4-SSD-W_54d820be-e995-4dfd-a207-f0004467c571.dbd49defe24e713f702ab0a3a85170a7.jpeg,"Fire it up then go full throttle faster and more effectively than ever with Acer's next evolution of its Nitro 5 gaming laptop. The new Nitro 5 soars to new levels of performance for gamers and creators, courtesy of its 12th Gen Intel Core processor and NVIDIA GeForce RTX 4050 laptop graphics—powered by Ada Lovelace NVIDIA's RTX architecture! Next, toss in the vivid, crystal-clear 15.6” Full HD display with a 144Hz IPS panel, ample cooling and a 4-zone RGB keyboard and you can see why the Nitro 5 is a knockout hit for gamers of every level! Enjoy PC games on Nitro 5 with one month of Game Pass included."
679.0,4,3225608366,5.0,"NSX GAMING EAGLE Pc Amd Ryzen 5 5600X RTX 3060 16 gb Ram, SSD 512 gb, USB-C, Hdmi, Windows 11 Home, Wifi Ready",NSX GAMING,IN_STOCK,https://i5.walmartimages.com/seo/NSX-GAMING-EAGLE-Pc-Amd-Ryzen-5-5600X-RTX-3060-16-gb-Ram-SSD-512-gb-USB-C-Hdmi-Windows-11-Home-Wifi-Ready_e0d6d3c0-d8a0-44ca-b238-d9c91419cd81.d311f216d8db0565fdf5d16812af3577.jpeg,"Our Nsx Gaming pc is Designed for Esports and online multiplayer games like Fortnite, CS:GO and Valorant. Featuring completely upgradable components and designed with excellent cooling capability with 4 fans to move massive amounts of air. Product images used on this page are for illustrative purposes only and do not indicate the exact components used at the time of manufacture. The component makes and models may vary from product depictions in product images but will adhere to the specification outlined in the product's main description. Particulars such as I/O ports may vary. Please get in touch with us for more details. The models of gamer peripherals may vary depending on stock"
162.98,5,867192521,3.6,"Pre-Owned Apple MacBook Air Laptop Core i5 1.6GHz 8GB RAM 128GB SSD 13"" MMGF2LL A (2015)",Apple,IN_STOCK,https://i5.walmartimages.com/seo/Pre-Owned-Apple-MacBook-Air-Laptop-Core-i5-1-6GHz-8GB-RAM-128GB-SSD-13-MMGF2LL-A-2015_cf3f2f83-c549-4cf5-b324-cba0c0e27ce0.c8b4ad24cb5916850ecb908539843e01.jpeg,"&lt;p&gt;This item is in very good condition, and shows only minimal wear (such as light scratches). It is backed by a 1 year warranty. It is fully functional and has been professionally refurbished, inspected and cleaned to very good condition. This product has been determined fully functional by our industry leading 30+ point functionality inspection. UL approved power adapter and charging cable are included. This product will not come in its original packaging; Headphones, SIM card and manual will not be included.&lt;/p&gt;
&lt;p&gt;The 13.3&quot; MacBook Air Laptop Computer (Early 2015) from Apple is an ultraportable notebook computer with a thin and lightweight design. Apple&#39;s engineers have leveraged the lessons they learned in designing the miniaturized iPad and applied them to the design of this 2.96-pound computer.&amp;nbsp;At 13.3&quot; in size, the 16:10 display features a native resolution of 1440 x 900. It features a glossy finish and LED backlight technology for enhanced image quality and energy efficiency.&lt;/p&gt;"
509.99,78,2010376887,4.2179,"Newest HP Laptop, 15.6"" diagonal HD Display, Intel Pentium Silver N5000, 16GB RAM, 1TB SSD, Intel UHD Graphics, Bluetooth 4.2, Wi-Fi, Windows 10 Home S Mode, Cefesfy Accessories",HP,IN_STOCK,https://i5.walmartimages.com/seo/Newest-HP-Laptop-15-6-diagonal-HD-Display-Intel-Pentium-Silver-N5000-16GB-RAM-1TB-SSD-UHD-Graphics-Bluetooth-4-2-Wi-Fi-Windows-10-Home-S-Mode-Cefesfy_f5c0ae1f-7654-40d3-9941-678fe4012970.057705bd3d79cc3a2047fbb3d5f30c8a.jpeg,"<p>Product Description</p>

<p>Statement:</p>

<p>Original Seal is opened for upgrade ONLY. If the computer has modifications, then the manufacturer box is opened for it to be tested and inspected and to install the upgrades to achieve the specifications as advertised.</p>

<p>Brand:</p>

<p>HP</p>

<p>Type:</p>

<p>Notebook</p>

<p>Operating System:</p>

<p>Windows 10 Home in S Mode</p>

<p>Processor:</p>

<p>Intel Pentium Silver N5000</p>

<p>Processor Core:</p>

<p>4-Core</p>

<p>Graphics:</p>

<p>Integrated Intel UHD Graphics 605</p>

<p>Chipset:</p>

<p>Intel Integrated SoC</p>

<p>Memory:</p>

<p>16GB RAM</p>

<p>Hard Drive:</p>

<p>1TB Solid State Drive</p>

<p>Type of Memory (RAM):</p>

<p>DDR4 2400</p>

<p>Communication:</p>

<p>Wi-Fi and Bluetooth 4.2</p>

<p>Network:</p>

<p>Integrated 10/100/1000 GbE LAN</p>

<p>Display:</p>

<p>15.6"" diagonal HD SVA BrightView micro-edge WLED-backlit, 220 nits, 45% NTSC (1366 x 768)</p>

<p>Ports:</p>

<p>1x USB 3.1 Gen 1 Type-C (Data Transfer Only, 5 Gb/s signaling rate)</p>

<p>2x USB 3.1 Gen 1 Type-A (Data Transfer Only)</p>

<p>1x RJ-45</p>

<p>1x AC smart pin</p>

<p>1x HDMI</p>

<p>1x Headphone/Microphone combo</p>

<p>Dimensions:</p>

<p>14.11 x 9.52 x 0.78 in</p>

<p>Weight:</p>

<p>3.93  lbs</p>"
509.99,78,2010376887,4.2179,"Newest HP Laptop, 15.6"" diagonal HD Display, Intel Pentium Silver N5000, 16GB RAM, 1TB SSD, Intel UHD Graphics, Bluetooth 4.2, Wi-Fi, Windows 10 Home S Mode, Cefesfy Accessories",HP,IN_STOCK,https://i5.walmartimages.com/seo/Newest-HP-Laptop-15-6-diagonal-HD-Display-Intel-Pentium-Silver-N5000-16GB-RAM-1TB-SSD-UHD-Graphics-Bluetooth-4-2-Wi-Fi-Windows-10-Home-S-Mode-Cefesfy_f5c0ae1f-7654-40d3-9941-678fe4012970.057705bd3d79cc3a2047fbb3d5f30c8a.jpeg,"<p>Product Description</p>

<p>Statement:</p>

<p>Original Seal is opened for upgrade ONLY. If the computer has modifications, then the manufacturer box is opened for it to be tested and inspected and to install the upgrades to achieve the specifications as advertised.</p>

<p>Brand:</p>

<p>HP</p>

<p>Type:</p>

<p>Notebook</p>

<p>Operating System:</p>

<p>Windows 10 Home in S Mode</p>

<p>Processor:</p>

<p>Intel Pentium Silver N5000</p>

<p>Processor Core:</p>

<p>4-Core</p>

<p>Graphics:</p>

<p>Integrated Intel UHD Graphics 605</p>

<p>Chipset:</p>

<p>Intel Integrated SoC</p>

<p>Memory:</p>

<p>16GB RAM</p>

<p>Hard Drive:</p>

<p>1TB Solid State Drive</p>

<p>Type of Memory (RAM):</p>

<p>DDR4 2400</p>

<p>Communication:</p>

<p>Wi-Fi and Bluetooth 4.2</p>

<p>Network:</p>

<p>Integrated 10/100/1000 GbE LAN</p>

<p>Display:</p>

<p>15.6"" diagonal HD SVA BrightView micro-edge WLED-backlit, 220 nits, 45% NTSC (1366 x 768)</p>

<p>Ports:</p>

<p>1x USB 3.1 Gen 1 Type-C (Data Transfer Only, 5 Gb/s signaling rate)</p>

<p>2x USB 3.1 Gen 1 Type-A (Data Transfer Only)</p>

<p>1x RJ-45</p>

<p>1x AC smart pin</p>

<p>1x HDMI</p>

<p>1x Headphone/Microphone combo</p>

<p>Dimensions:</p>

<p>14.11 x 9.52 x 0.78 in</p>

<p>Weight:</p>

<p>3.93  lbs</p>"
617.0,287,1008457009,4.1359,"HP 15.6"" FHD Laptop, Intel Core i7-1165G7, 16GB RAM, 512GB SSD, Spruce Blue, Windows 11 Home, 15-dy2762wm",HP,IN_STOCK,https://i5.walmartimages.com/seo/HP-15-6-FHD-Laptop-Intel-Core-i7-1165G7-16GB-RAM-512GB-SSD-Spruce-Blue-Windows-11-Home-15-dy2762wm_d237aeed-c986-4622-bcd1-910920634b18.c8ef795e04080f376f2d1e32ed8bab8d.jpeg,"Designed to keep you productive and entertained from anywhere, the HP 15.6"" Laptop PC combines long lasting battery life with a thin and portable, micro-edge bezel design. Do your thing all day and wherever you prefer with the HP 15.6"" Laptop's lightweight design. Enjoy comfortable computing with a flicker-free, anti-glare FHD screen and experience reliable performance thanks to the Intel Core processor. Plus, made with the planet in mind, this HP laptop is EPEAT Silver registered and ENERGY STAR certified."
617.0,287,1008457009,4.1359,"HP 15.6"" FHD Laptop, Intel Core i7-1165G7, 16GB RAM, 512GB SSD, Spruce Blue, Windows 11 Home, 15-dy2762wm",HP,IN_STOCK,https://i5.walmartimages.com/seo/HP-15-6-FHD-Laptop-Intel-Core-i7-1165G7-16GB-RAM-512GB-SSD-Spruce-Blue-Windows-11-Home-15-dy2762wm_d237aeed-c986-4622-bcd1-910920634b18.c8ef795e04080f376f2d1e32ed8bab8d.jpeg,"Designed to keep you productive and entertained from anywhere, the HP 15.6"" Laptop PC combines long lasting battery life with a thin and portable, micro-edge bezel design. Do your thing all day and wherever you prefer with the HP 15.6"" Laptop's lightweight design. Enjoy comfortable computing with a flicker-free, anti-glare FHD screen and experience reliable performance thanks to the Intel Core processor. Plus, made with the planet in mind, this HP laptop is EPEAT Silver registered and ENERGY STAR certified."
617.0,287,1008457009,4.1359,"HP 15.6"" FHD Laptop, Intel Core i7-1165G7, 16GB RAM, 512GB SSD, Spruce Blue, Windows 11 Home, 15-dy2762wm",HP,IN_STOCK,https://i5.walmartimages.com/seo/HP-15-6-FHD-Laptop-Intel-Core-i7-1165G7-16GB-RAM-512GB-SSD-Spruce-Blue-Windows-11-Home-15-dy2762wm_d237aeed-c986-4622-bcd1-910920634b18.c8ef795e04080f376f2d1e32ed8bab8d.jpeg,"Designed to keep you productive and entertained from anywhere, the HP 15.6"" Laptop PC combines long lasting battery life with a thin and portable, micro-edge bezel design. Do your thing all day and wherever you prefer with the HP 15.6"" Laptop's lightweight design. Enjoy comfortable computing with a flicker-free, anti-glare FHD screen and experience reliable performance thanks to the Intel Core processor. Plus, made with the planet in mind, this HP laptop is EPEAT Silver registered and ENERGY STAR certified."
657.13,287,5429355697,4.1359,"HP 2023 Newest 15 Laptop, 15.6"" FHD Touchscreen, Intel Core i7-1255U (Up to 4.7GHz), 16GB RAM, 512GB PCIe SSD, Intel Iris Xe Graphics, HD Camera, WiFi 5, Bluetooth, HDMI, Windows 11 Home, Silver",HP,IN_STOCK,https://i5.walmartimages.com/seo/HP-2023-Newest-15-Laptop-15-6-FHD-Touchscreen-Intel-Core-i7-1255U-Up-4-7GHz-16GB-RAM-512GB-PCIe-SSD-Iris-Xe-Graphics-HD-Camera-WiFi-5-Bluetooth-HDMI_d3f141de-6a5b-49fa-864a-d3af311dc998.0e4fdf437e751685e67c718628538abf.jpeg,"Statement:<p></p><p>Original Seal is opened for upgrade ONLY. If the computer has modifications, then the manufacturer box is opened for it to be tested and inspected and to install the upgrades to achieve the specifications as advertised.</p><p></p><p>Brand: HP</p><p></p><p>Series: HP Laptop</p><p></p><p>Processor: Intel Core i7-1255U</p><p></p><p>Operating System: Windows 11 Home in S mode</p><p></p><p>Processor Model Number: 1255U</p><p></p><p>Graphics: Intel Iris Xe Graphics</p><p></p><p>Graphics Type: Integrated</p><p></p><p>Processor Core: 10-core</p><p></p><p>Processor Brand: Intel</p><p></p><p>Screen Size: 15.6 inches</p><p></p><p>Screen Resolution: 1920 x 1080 (Full HD)</p><p></p><p>Memory: Up to 64 GB RAM</p><p></p><p>Type of Memory (RAM): DDR4</p><p></p><p>Storage Type: SSD</p><p></p><p>Hard Drive: Up to 2 TB PCIe SSD</p><p></p><p>Wireless Connectivity: Wi-Fi, Bluetooth</p><p></p><p>Color: Silver</p><p></p><p>Ports &amp; Slots:</p><p></p><p>1 x USB-C 3.0</p><p></p><p>2 x USB-A 3.0</p><p></p><p>1 x HDMI 1.4</p><p></p><p>Product Dimensions:</p><p></p><p>1. Height: 0.71""</p><p></p><p>2. Width: 14.11""</p><p></p><p>3. Depth: 9.53""</p><p></p><p>Weight: 3.75 pounds</p>"
1689.0,9,5160108036,5.0,"14"" MacBook Pro: Apple M3 chip with 8?core CPU and 10?core GPU, 1TB SSD - Silver",Apple,IN_STOCK,https://i5.walmartimages.com/seo/14-MacBook-Pro-Apple-M3-chip-with-8-core-CPU-and-10-core-GPU-1TB-SSD-Silver_890dd764-0b00-4eba-9433-d50cf5ba47c3.453be7e816785b0b4caaf4b4b2d82d4c.jpeg,"Apple 14"" MacBook Pro"
1689.0,9,5160108036,5.0,"14"" MacBook Pro: Apple M3 chip with 8?core CPU and 10?core GPU, 1TB SSD - Silver",Apple,IN_STOCK,https://i5.walmartimages.com/seo/14-MacBook-Pro-Apple-M3-chip-with-8-core-CPU-and-10-core-GPU-1TB-SSD-Silver_890dd764-0b00-4eba-9433-d50cf5ba47c3.453be7e816785b0b4caaf4b4b2d82d4c.jpeg,"Apple 14"" MacBook Pro"
1689.0,9,5160108036,5.0,"14"" MacBook Pro: Apple M3 chip with 8?core CPU and 10?core GPU, 1TB SSD - Silver",Apple,IN_STOCK,https://i5.walmartimages.com/seo/14-MacBook-Pro-Apple-M3-chip-with-8-core-CPU-and-10-core-GPU-1TB-SSD-Silver_890dd764-0b00-4eba-9433-d50cf5ba47c3.453be7e816785b0b4caaf4b4b2d82d4c.jpeg,"Apple 14"" MacBook Pro"
2979.0,9,5130183765,5.0,"14"" MacBook Pro: Apple M3 Max chip with 14?core CPU and 30?core GPU, 1TB SSD - Space Black",Apple,IN_STOCK,https://i5.walmartimages.com/seo/14-MacBook-Pro-Apple-M3-Max-chip-with-14-core-CPU-and-30-core-GPU-1TB-SSD-Space-Black_85a99e91-32db-416c-99f7-8ea66043fcf2.d1f7606472781c90446fedca7a5c0ddf.jpeg,"Apple 14"" MacBook Pro"
